record_id,artist_id,title,release_date,total_tracks,artist_genre,artist_name
-1,5mlbvTfWUOfDrUIK6dkNzv,Negative Spaces,2024-11-15,15,Unknown,Poppy
-1,0eDvMgVFoNV3TpwtrVCoTj,Faith (Deluxe),2021-07-31,30,brooklyn drill,Pop Smoke
-1,62DmErcU7dqZbJaDqwsqzR,Where We Come From (10 Year Deluxe Edition),2024-11-15,16,dancehall,Popcaan
-1,1pRaG81GsVtaTBuVSpldt2,What Remains,2025-03-21,10,Unknown,Pop Evil
-1,3TVXtAsR1Inumwj472S9r4,$ome $exy $ongs 4 U,2025-02-14,21,rap,Drake
-1,74KM79TiuVKeVCqs8QtB0B,Man’s Best Friend,2025-08-29,12,pop,Sabrina Carpenter
-1,1Xyo4u8uXC1ZmMpatF05PJ,Hurry Up Tomorrow,2025-01-31,22,Unknown,The Weeknd
-1,1uNFoZAHBGtllmzznpCI3s,SWAG II,2025-09-05,44,Unknown,Justin Bieber
-1,00x1fYSGhdqScXBRpSj3DW,The Art of Loving,2025-09-26,12,pop soul,Olivia Dean
-1,0du5cEVh5yTK9QJze8zA0C,An Evening With Silk Sonic,2021-11-12,10,Unknown,Bruno Mars
-1,718COspgdWOnwOFpJHRZHS,Fathers & Sons,2024-06-14,12,country,Luke Combs
-1,0ys2OFYzWYB5hRDLCsBqxt,111XPANTIA (Deluxe),2025-05-05,15,corrido,Fuerza Regida
-1,00FQb4jTyendYWaN8pK0wa,Did you know that there's a tunnel under Ocean Blvd,2023-03-24,16,Unknown,Lana Del Rey
-1,5cj0lLjcoR7YOSnhnX0Po5,Vie,2025-09-26,15,Unknown,Doja Cat
-1,7Gi6gjaWy3DxyilpF1a8Is,$AD BOYZ 4 LIFE II,2023-10-05,17,corridos tumbados,Junior H
-1,66CXWjxzNUsdJxJ2JdwvnR,eternal sunshine deluxe: brighter days ahead,2025-03-28,19,pop,Ariana Grande
-1,246dkjvS1zLTtiykXe5h60,F-1 Trillion: Long Bed,2024-08-16,27,Unknown,Post Malone
-1,1HY2Jd0NmPuamShAr6KMms,MAYHEM,2025-09-01,17,art pop,Lady Gaga
-1,45dkTj5sMRSjrmBSBeiHym,So Close To What,2025-02-24,16,Unknown,Tate McRae
-1,6qqNVTkY8uBg9cP3Jd7DAH,HIT ME HARD AND SOFT,2024-05-17,10,Unknown,Billie Eilish
-1,0Wwji82sLA0Hcvtuak3omb,TRENCH,2024-10-18,16,Unknown,AUDREY NUNA
-1,6U1dV7aL68N7Gb0Naq34V5,FOIL,2021-06-25,10,Unknown,REI AMI
-1,4oUHIQIBe0LHzYfvXNW4QM,I’m The Problem,2025-05-16,37,country,Morgan Wallen
-1,2yNNYQBChuox9A5Ka93BIn,KPop Demon Hunters (Soundtrack from the Netflix Film),2025-06-20,12,k-pop,HUNTR/X
-1,5K4W6rqBFWDnAN6FQUkS6x,DONDA 2,2025-06-06,21,rap,Kanye West
-1,5pKCCKE2ajJHZ9KAiaK11H,ANTI (Deluxe),2016-01-28,16,Unknown,Rihanna
-1,7mW7Tv7NvywKKXqafZo0Lc,KPop Demon Hunters (Soundtrack from the Netflix Film),2025-06-20,12,k-pop,KPop Demon Hunters Cast
-1,6VTJXNmmevnkJNTxh5sHuJ,Pop 1,2010-07-09,13,Unknown,Pop
-1,7t0FNxN9mqZCKp60lxLqXO,P.O.P,2015-08-04,10,Unknown,POP
-1,7i0VYKW8XBZPxMfN1dIl68,The Thomas Point Sessions,2025-05-01,10,Unknown,Pop
-1,06HL4z0CvFAxyc27GXpf02,The Life of a Showgirl,2025-10-03,12,Unknown,Taylor Swift
-1,0b1sIQumIAsNbqAoIClSpy,Killin' It Girl (feat. GloRilla) (Remixes),2025-06-17,10,k-pop,j-hope
-1,7EWU4FhUJM1sZQgQKdENeT,No Shame,2017-11-24,17,Unknown,Hopsin
-1,30fiiwr2EeZp1tAhzYCmyM,The Big Picture,2016-07-15,16,east coast hip hop,Big L
-1,4wEA72NqquG3Aog8t1tGME,Dust Bloom: Lofi Hip Hop Chill Mix,2025-06-20,40,lo-fi,Hip Hop Lofi
-1,6qxpnaukVayrQn6ViNvu9I,I Hope You're Happy,2025-08-22,11,southern hip hop,BigXthaPlug
-1,6bvkKz2IifzQAAIpKf4fYj,Free Minds,2025-07-04,12,Unknown,Hiphopkarma
-1,0Y5tJX1MQlPlqiwlOH1tJY,JACKBOYS 2,2025-07-13,17,rap,Travis Scott
-1,3TVXtAsR1Inumwj472S9r4,$ome $exy $ongs 4 U,2025-02-14,21,rap,Drake
-1,4Gso3d4CscCijv0lmajZWs,HARDSTONE PSYCHO,2024-06-25,20,Unknown,Don Toliver
-1,7zFBW2JxM4bgTTKxCRcS8Q,PT Sir (Original Score),2025-08-16,16,tamil hip hop,Hiphop Tamizha
-1,6l3HvQ5sa6mXTsMTB19rO5,2014 Forest Hills Drive (10 Year Anniversary Edition),2024-12-20,21,rap,J. Cole
-1,4O15NlyKLIASxsJ0PrXPfz,Eternal Atake 2,2024-11-01,16,melodic rap,Lil Uzi Vert
-1,5sRhscbWRXFbjXtSZyfaWY,"White Jesus Loosies, Vol. 3",2024-04-01,7,country hip hop,Rittz
-1,699OTQXzgjhIYAHMy9RyPD,MUSIC - SORRY 4 DA WAIT,2025-03-25,34,rage rap,Playboi Carti
-1,3PyWEKLWI0vHPmoNrIX0QE,The RE-UP,2025-08-29,8,east coast hip hop,Rakim
-1,4MCBfE4596Uoi2O4DtmEMz,Legends Never Die (5 Year Anniversary Edition),2025-07-11,26,melodic rap,Juice WRLD
-1,2hlmm7s2ICUX0LVIhVFlZQ,The Last Wun,2025-08-08,25,melodic rap,Gunna
-1,2QLM9IFaHBtB16b8ZDaA3A,For The Soil,2025-02-12,9,hyphy,P-Lo
-1,6Xb4ezwoAQC4516kI89nWz,Speak for Yourself (20th Anniversary Remaster),2025-10-17,12,Unknown,Imogen Heap
-1,2wIVse2owClT7go1WT98tk,Respect M.E.,2006-09-04,17,hip hop,Missy Elliott
-1,2dWF6m2ksP9GN75fufFp16,Love & Rockets 3:16 (The Emancipation),2025-08-15,11,underground hip hop,Murs
-1,4iCwCMnqsNZ6atvRiADgtn,A Ballet Through Mud,2024-08-30,11,east coast hip hop,RZA
-1,7mW7Tv7NvywKKXqafZo0Lc,KPop Demon Hunters (Soundtrack from the Netflix Film),2025-06-20,12,k-pop,KPop Demon Hunters Cast
-1,10Khz9BDdDT2mzm3330Cvu,BACDAFUCUP: THE STORY OF ONYX,2025-05-22,11,east coast hip hop,Onyx
-1,2YZyLoL8N0Wb9xBt1NhZWg,GNX,2024-11-22,12,hip hop,Kendrick Lamar
-1,5V46QXboFTCK5MP40SwVRK,"Stargazers, Wanderers & Rogues",2024-06-14,13,reggae rock,The Hip Abduction
-1,1HwM5zlC5qNWhJtM00yXzG,Let Us Pray: Chapter X,2024-12-13,8,east coast hip hop,DMX
-1,2h93pZq0e7k5yf4dywlkpM,Blonde,2016-08-20,17,Unknown,Frank Ocean
-1,3ZotbHeyVQKxQCPDJuQ4SU,Kamaal The Abstract,2009-09-15,10,east coast hip hop,Q-Tip
-1,20qISvAhX20dpIbOOzGK3q,Magic 3,2023-09-14,15,east coast hip hop,Nas
-1,4EnEZVjo3w1cwcQYePccay,Efil4zaggin,1991-05-28,18,old school hip hop,N.W.A.
-1,5f7VJjfbwm532GiveGC0ZK,WHAM (Extended Version),2025-01-10,19,Unknown,Lil Baby
-1,1URnnhqYAYcrqrcwql10ft,american dream,2024-01-12,15,Unknown,21 Savage
-1,1Xyo4u8uXC1ZmMpatF05PJ,Hurry Up Tomorrow,2025-01-31,22,Unknown,The Weeknd
-1,2gBjLmx6zQnFGQJCAQpRgw,Still Hot In Herre,2022-10-14,17,Unknown,Nelly
-1,12FHARd9fY0Tu0ila4Ua25,Dunk Ride or Duck Down,2018-07-06,15,southern hip hop,Trick Daddy
-1,5cj0lLjcoR7YOSnhnX0Po5,Vie,2025-09-26,15,Unknown,Doja Cat
-1,1wiBLzTI7z9RUwEpNPdFT6,Welcome Back,2005-04-20,12,Unknown,Mase
-1,1RyvyyTE3xzB2ZywiAwp0i,MIXTAPE PLUTO,2024-11-01,18,rap,Future
-1,7dGJo4pcD2V6oG8kP0tJRR,STANS (The Official Soundtrack),2025-08-26,12,rap,Eminem
-1,3zw9kN0i8eKIDbGhEiIIwo,Loft Study Session,2025-10-24,10,lo-fi,Lofi Hip-Hop Beats
-1,1W7G3vXPeISR3Oi9ggVfyE,Time a Tell,2018-07-11,22,Unknown,Proof
-1,50DchbKTiJU56SYmIRSJCI,HITTAMAN,2023-07-21,14,Unknown,Hitta J3
-1,5K4W6rqBFWDnAN6FQUkS6x,DONDA 2,2025-06-06,21,rap,Kanye West
-1,3drEaBmm4UexsiDfz5AzXV,Hibernation Shivers,2024-06-28,18,g-funk,RBX
-1,4V8LLVI7PbaPR0K2TGSxFF,DON'T TAP THE GLASS,2025-07-21,10,Unknown,"Tyler, The Creator"
-1,55Aa2cqylxrFIXC767Z865,Tha Carter VI (Bonus),2025-06-12,21,rap,Lil Wayne
-1,4OBJLual30L7gRl5UkeRcT,The L.I.B.R.A.,2020-10-16,20,southern hip hop,T.I.
-1,6TMJgSdBIPPtQJbAB8yPpO,R is for Rocket,2025-10-03,10,shoegaze,Rocket
-1,6zeQl72GknqjTGCbrzvSbc,tellement éclectique,2024-04-30,14,Unknown,Rockout Danny
-1,5bHjVR4F2Tfq4Ha6x7K6wU,Lullaby Renditions of Linkin Park,2025-09-26,13,lullaby,Rockabye Baby!
-1,0T5OJgMVjKIX3b3W3ekqOl,Lost Tapes,2021-02-18,22,southern hip hop,Rocko
-1,1mjuRRMumbLmGmHmYvMDcb,Parábola das Ruas,2025-07-07,10,boom bap,Rock Danger
-1,3dFUAutVe4CdBO7DMDtIN5,"852 Hz - Dissolve Worries, Reduce Anxiety & Step Into a World of Pure Relaxation",2025-05-16,8,Unknown,Rocket FX
-1,0pPN4tp51uXAhkDux1Mmn4,Heroes Never Die,2018-12-01,15,Unknown,Rockit Music
-1,3xs0LEzcPXtgNfMNcHzLIP,Somebody’s Watching Me (Deluxe Edition),2021-10-22,18,Unknown,Rockwell
-1,2dIgFjalVxs4ThymZ67YCE,KARMA,2025-08-22,11,k-pop,Stray Kids
-1,5INjqkS1o8h1imAzPqGZBb,Deadbeat,2025-10-17,12,neo-psychedelic,Tame Impala
-1,6Ghvu1VvMGScGpOUJBAHNH,private music,2025-08-22,11,nu metal,Deftones
-1,3YQKmKGau1PzlVlkL1iodx,Breach,2025-09-12,13,Unknown,Twenty One Pilots
-1,6olE6TJLqED3rqDCT0FyPh,In Utero (30th Anniversary Super Deluxe),2023-10-27,72,grunge,Nirvana
-1,4Z8W4fKeB5YxbusRsdQVPb,Hail to the Thief (Live Recordings 2003-2009),2025-08-13,12,art rock,Radiohead
-1,3WrFJ7ztbogyGnTHbHJFl2,The Beatles 1967 – 1970 (2023 Edition),2023-11-10,37,classic rock,The Beatles
-1,7Ln80lUS6He07XvHI8qqHH,The Car,2022-10-21,10,indie,Arctic Monkeys
-1,6XyY86QOPPrYVGvF9ch6wz,From Zero (Deluxe Edition),2025-05-16,14,nu metal,Linkin Park
-1,53XhwfbYqKCa1cC15pYq2q,Reflections (From The Vault Of Smoke + Mirrors),2025-02-21,14,Unknown,Imagine Dragons
-1,0L8ExT028jH3ddEcZwqJJ5,Return of the Dream Canteen,2022-10-14,17,funk rock,Red Hot Chili Peppers
-1,08GQAI4eElDnROBrJRGE0X,"Live From The Record Plant (December 15, 1974)",2025-01-03,11,classic rock,Fleetwood Mac
-1,7GlBOeep6PqTfFi59PTUUN,The Rise and Fall of a Midwest Princess,2023-09-22,14,Unknown,Chappell Roan
-1,13ubrt8QOOCPljQ2FL1Kca,TESTING,2018-05-25,15,rap,A$AP Rocky
-1,28ExwzUQsvgJooOI0X1mr3,Redemption,2018-06-15,15,Unknown,Jay Rock
-1,04gDigrS5kc9YWfZHwBETP,Love Is Like (Deluxe),2025-08-16,13,pop,Maroon 5
-1,7dOBabd5O4CvKrg4iriHTM,Bad Reputation,2022-03-21,18,Unknown,Kid Rock
-1,21WS9wngs9AqFckK7yYJPM,RnB 2 (All Hits No Misses),2025-02-01,19,melodic rap,PnB Rock
-1,2KTDVOTp2crzV4KBe16SgW,011 to the 018,2017-02-25,10,Unknown,Rock
-1,6JDmbR90UIGFaZcVsbmBWe,Rockness A.P.,2017-09-22,13,Unknown,Rock
-1,5LlbAkA33C6DxVln0Wczps,ROCK,2021-12-10,10,slowcore,ROCK
-1,0l91JJ40pv3WaU8w5vunXC,Heathen,2024-10-31,10,Unknown,Rock
-1,4ypYhXiCXypfNk4PKj2KXo,Foolz World,2019-05-31,16,Unknown,Rock
-1,6jbCtSWFPFnjsqwaaGicP5,Country Smoke,2025-10-17,18,country hip hop,Country Lunatic
-1,5IREutgMnyQqRcc8r15gWk,Vocês estão prontos? (02-07),2025-06-06,12,agronejo,CountryBeat
-1,4oUHIQIBe0LHzYfvXNW4QM,I’m The Problem,2025-05-16,37,country,Morgan Wallen
-1,718COspgdWOnwOFpJHRZHS,Fathers & Sons,2024-06-14,12,country,Luke Combs
-1,5vngPClqofybhPERIqQMYd,Cowboys And Dreamers,2024-09-06,13,country,George Strait
-1,40ZNYROS4zLfyyBSs2PGe2,24 (Live),2024-12-20,25,country,Zach Bryan
-1,6BRxQ8cD3eqnrVj6WKDok8,still hungover,2024-11-01,19,country,Ella Langley
-1,4YLtscXsxbVgi031ovDDdh,Higher,2023-11-10,14,country,Chris Stapleton
-1,5Ppie0uPnbnvGBYRwYmlt0,Am I Okay? Tour (Live),2025-10-09,24,country,Megan Moroney
-1,3grHWM9bx2E9vwJCdlRv9O,Born,2024-03-22,18,country,Kenny Chesney
-1,5QNm7E7RU2m64l6Gliu8Oy,COUNTRY! COUNTRY! COUNTRY!,2025-09-29,24,country,HARDY
-1,4FGPzWzgjURDNT7JQ8pYgH,Ain't In It For My Health,2025-08-29,15,country,Zach Top
-1,0peqMnFFEQmX1hzwiRdl3f,Miracles,2024-05-30,10,Unknown,Better Country Soaking Worship
-1,6x2LnllRG5uGarZMsD4iO8,About A Woman (Deluxe),2025-10-17,26,country,Thomas Rhett
-1,2bA6fzP0lMAQ4kz6CF61w8,Christmas To Christmas,2024-10-04,13,country,Toby Keith
-1,0BvkDsjIUla7X0k6CSWh1I,Mind Of A Country Boy,2024-09-27,14,country,Luke Bryan
-1,2IvkS5MXK0vPGnwyJsrEyV,Evangeline vs. The Machine,2025-05-02,8,country,Eric Church
-1,3444S3C4U9Ts86BnCtSPRV,The Talco Tapes,2025-05-23,9,country,Treaty Oak Revival
-1,6tPHARSq45lQ8BSALCfkFC,Whirlwind (Deluxe),2025-08-22,19,country,Lainey Wilson
-1,6zLBxLdl60ekBLpawtT63I,Leather Deluxe Edition,2024-11-01,25,texas country,Cody Johnson
-1,6yJCxee7QumYr820xdIsjo,"From The Road, Vol. 1: Covers",2023-11-10,13,country,Zac Brown Band
-1,4MoAOfV4ROWofLG3a3hhBN,Honkytonk Hollywood,2025-04-11,17,country,Jon Pardi
-1,2yLzlEFtIS0Q9UkyBZdQA7,Sex Hysteria,2025-07-18,15,Unknown,Jessie Murph
-1,2QMsj4XJ7ne2hojxt6v5eb,Don't Mind If I Do (Deluxe),2025-08-29,24,country,Riley Green
-1,4W3fa7tiXGVXl3KilbACqt,The Last of Us: Season 2 (Soundtrack from the HBO Original Series),2025-05-23,41,soundtrack,Gustavo Santaolalla
-1,3FfvYsEGaIb52QPXhg4DcH,30 Number One Hits,2025-10-10,30,country,Jason Aldean
-1,13ZEDW6vyBF12HYcZRr4EV,Snipe Hunter,2025-07-25,13,country,Tyler Childers
-1,3sDbKMebVH2VYcRSl7u1VC,A Drummer Boy Christmas (LIVE) [The Cinematic Concert Album],2024-11-22,15,christian,for KING & COUNTRY
-1,3win9vGIxFfBRag9S63wwf,Different Night Same Rodeo,2025-08-08,18,country,Bailey Zimmerman
-1,246dkjvS1zLTtiykXe5h60,F-1 Trillion: Long Bed,2024-08-16,27,Unknown,Post Malone
-1,19k8AgwwTSxeaxkOuCQEJs,Beautifully Broken (Pickin’ Up The Pieces),2024-10-11,28,country hip hop,Jelly Roll
-1,2FXC3k01G6Gw61bmprjgqS,Unreal Unearth: Unending,2024-12-06,26,Unknown,Hozier
-1,33qOK5uJ8AR2xuQQAhHump,I've Tried Everything But Therapy (Complete Edition),2025-06-27,32,Unknown,Teddy Swims
-1,5mxwNN7s5LbigV0rX8hw3N,RIO NASTY,2022-09-22,8,Unknown,Country
-1,40leZK8ZNB0ye9XlWE0gWe,Virgo Baby 2,2022-08-30,10,Unknown,Country
-1,2AqwrWCwQwCbvZuhppATmZ,Virgo Baby,2019-01-17,10,Unknown,Country
-1,49HKwpjvyV03QsNKR5gP8c,Gorilla Muzik,2018-05-22,11,Unknown,Country
-1,06HL4z0CvFAxyc27GXpf02,The Life of a Showgirl,2025-10-03,12,Unknown,Taylor Swift
-1,7kNqXtgeIwFtelmRjWv205,Comfort In Chaos,2024-07-12,12,house,John Summit
-1,3NJ94iuAmmMjbszODYT6pO,TESSERACT,2024-02-16,16,riddim,Subtronics
-1,45eNHdiiabvmbp4erw26rg,ILLENIUM (Remixes),2023-09-29,45,melodic bass,ILLENIUM
-1,2qxJFvFYMEDqd7ui6kSAcq,Telos,2024-08-30,10,edm,Zedd
-1,5he5w2lnU9x7JFhnwcekXX,F*CK U SKRILLEX YOU THINK UR ANDY WARHOL BUT UR NOT!! <3,2025-04-01,34,dubstep,Skrillex
-1,1vCWHaC5f2uS3yhpwWbIA6,Avicii Forever,2025-05-16,20,edm,Avicii
-1,1THfyLd3iyJYJ6X2U36K0y,我的另一半音樂會: Live 2017,2017-10-04,40,cantopop,Edmond Leung
-1,0YFbuIzBUfAK1FqcEvxnqQ,Mek,2022-10-28,9,Unknown,Edmofo
-1,2o5jDhtHVPhrJdv3cEQ99Z,DRIVE Continuous DJ Mix,2023-04-21,15,edm,Tiësto
-1,4AVFqumd2ogHFlRbKIjp1t,Forever,2015-05-22,14,edm,Alesso
-1,4oLeXFyACqeem2VImYeBFe,Skepta .. Fred,2025-08-29,5,stutter house,Fred again..
-1,21mKp7DqtSNHhCAU2ugvUw,In Return (10 Year Anniversary Edition),2024-09-09,19,chillwave,ODESZA
-1,5Igpc9iLZ3YGtKeYfSrrOE,Chemistry,2025-07-11,15,tech house,Chris Lake
-1,4yX6mpMyBGf9UfvBB8JJrc,DUSK (Deluxe Edition),2025-03-21,15,Unknown,HAYLA
-1,6Dd3NScHWwnW6obMFbl1BH,Til Every Petal Drops,2025-10-10,12,Unknown,Daya
-1,4D75GcNG95ebPtNvoNVXhz,AFROJACK presents NLW,2022-07-29,7,edm,AFROJACK
-1,2ZRQcIgzPCVaT9XKhXZIzh,PULSE,2024-08-02,14,edm,Gryffin
-1,60d24wfXkVzDSfLS6hyCjZ,Sentio,2022-04-29,11,edm,Martin Garrix
-1,3aVoqlJOYx31lH1gibGDt3,Girls Night Out (Extended),2023-02-24,15,quiet storm,Babyface
-1,7f5Zgnp2spUuuzKplmRkt7,All Stand Together (Deluxe),2024-03-22,12,tropical house,Lost Frequencies
-1,64M6ah0SkkRsnPGtGiRAbb,Bebe,2023-04-28,12,Unknown,Bebe Rexha
-1,23fqKkggKUBHNkbKtXEls4,KYGO (The Remixes),2024-08-30,17,tropical house,Kygo
-1,738wLrAtLtCtFOLvQBXOXp,Guns Don't Kill People... Lazers Do (15th Anniversary Edition),2024-11-15,33,moombahton,Major Lazer
-1,1h6Cn3P4NGzXbaXidqURXs,Paradise Again: The Live Album,2023-07-28,22,edm,Swedish House Mafia
-1,3Sz7ZnJQBIHsXLUSo0OQtM,Guitar,2025-08-22,12,indie,Mac DeMarco
-1,5fMUXHkw8R8eOP2RNVYEZX,"LABRINTH, SIA, DIPLO PRESENT... LSD (REMIXES) (feat. Sia, Diplo & Labrinth)",2024-11-30,10,moombahton,Diplo
-1,540vIaP2JwjQb9dm3aArA4,Carte Blanche (Deluxe),2020-02-21,32,Unknown,DJ Snake
-1,7vk5e3vY1uw9plTHJAMwjN,Walkerworld 2.0,2025-01-10,24,Unknown,Alan Walker
-1,69GGBxA162lTqCwzJG5jLp,Summertime Friends,2023-10-20,8,Unknown,The Chainsmokers
-1,1Cs0zKBU1kc0i8ypK3B9ai,She Knows (with Akon) [The Remixes],2023-12-29,7,edm,David Guetta
-1,7CajNmpbOovFoOoasH2HaY,96 Months,2024-08-09,17,edm,Calvin Harris
-1,64KEffDW9EtZ1y2vBYgq8T,Sugar Papi,2023-11-03,11,edm,Marshmello
-1,4pS7YbG8hEdLxfoSfMCXrx,Chill EDM for Studying,2025-09-12,14,Unknown,EDM
-1,1P8VJ7V1OJ9Un6qncgt8VT,Chill EDM for Long Drives,2025-10-10,10,Unknown,EDM
-1,4q1lk6qvqsBxvAi4V41AUh,EDM,2013-10-01,19,Unknown,EDM
-1,6XTGKOV9jceQ6f67lnhpbF,TODOS LOS DÍAS TODO EL DÍA,2024-10-24,11,latin r&b,LATIN MAFIA
-1,0c0Yh1P4gMYmDwebhyzIDv,De Todo Un Poco,2023-03-20,20,chilean mambo,Latinnites Music
-1,2AiZXMqpVlCDnz3trZbWaK,En Todos Los Tiempos,2025-10-03,6,salsa,The Latin Brothers
-1,1b7AEdUSudOQoZF5ebUxCL,ARMAGEDÓN,2024-11-28,10,Unknown,HUMBE
-1,790FomKkXshlbRYZFtlgla,Tropicoqueta,2025-06-20,20,reggaeton,KAROL G
-1,4q3ewBCX7sLwd24euuV69X,DeBÍ TiRAR MáS FOToS,2025-01-05,17,reggaeton,Bad Bunny
-1,1bfl0AU8SqmLkElptOprhC,42 18,2025-02-19,10,banda,Julión Álvarez y su Norteño Banda
-1,6XkjpgcEsYab502Vr1bBeW,LO QUE ME FALTA POR LLORAR,2025-10-23,13,cumbia norteña,Grupo Frontera
-1,66ihevNkSYNzRAl44dx6jJ,Palabra De To's (Seca),2025-05-22,20,banda,Carín León
-1,6PH3FLQAxtqYy46Zv08bpV,MIRADA,2024-07-19,12,sad sierreño,Ivan Cornejo
-1,5YqI7p8zYsOpKJtjxYdOce,Tutankamon,2025-07-24,18,electro corridos,Victor Mendivil
-1,7a0XAaPaK2aDSqa8p3QnC7,BORONDO,2025-05-15,26,latin afrobeats,Beéle
-1,3E12tRURRvPfHz0hAMCFYc,PRIMERA MUSA,2024-09-20,17,Unknown,Omar Courtz
-1,5Y5TRrQiqgUO4S36tzjIRZ,TIMBO PROGRESSION,2025-03-28,10,Unknown,Timbaland
-1,2LRoIwlKmHjgvigdNGBHNo,FERXXO VOL X: Sagrado,2025-06-09,17,reggaeton,Feid
-1,0EmeFodog0BfCgMzAIvKQp,Las Mujeres Ya No Lloran,2024-03-22,17,latin pop,Shakira
-1,0ys2OFYzWYB5hRDLCsBqxt,111XPANTIA (Deluxe),2025-05-05,15,corrido,Fuerza Regida
-1,329e4yvIujISKGKz1BZZbO,167BPM,2025-09-04,8,reggaeton,Farruko
-1,4SsVbpTthjScTS7U2hmr1X,Sr. Santos II Sueños de Grandeza,2025-06-26,18,reggaeton,Arcángel
-1,0XeEobZplHxzM9QzFQWLiR,Vibras De Noche II,2025-03-13,17,corridos tumbados,Eslabon Armado
-1,6Sbl0NT50roqWvy746MfVf,Ya No Se Llevan Serenatas (Deluxe),2025-10-24,32,corrido,Gabito Ballesteros
-1,2R21vXR83lH98kGeO99Y66,LLNM2,2022-12-09,33,reggaeton,Anuel AA
-1,0elWFr7TW8piilVRYJUe4P,Porque La Demora,2025-07-01,16,corridos tumbados,Natanael Cano
-1,4VMYDCV2IEDYJArk749S6m,LAMENTO EN BAILE,2025-10-16,19,reggaeton,Daddy Yankee
-1,33ScadVnbm2X8kkUqOkC6Z,Los Bandoleros Reloaded,2024-06-21,30,reggaeton,Don Omar
-1,1r4hJ1h58CWwUQe3MxPuau,Don Juan,2023-08-25,25,reggaeton,Maluma
-1,5lwmRuXgjX8xIwlnauTZIP,"Fórmula, Vol. 3",2022-09-01,21,bachata,Romeo Santos
-1,1mcTU81TzQhprhouKaTkpq,Cosa Nuestra: Capítulo 0,2025-09-26,14,reggaeton,Rauw Alejandro
-1,7iK8PXO48WeuP03g8YR51W,ISLAND BOYZ,2025-07-17,23,reggaeton,Myke Towers
-1,3Isy6kedDrgPYoTS1dazA9,Dutty Rock (20th Anniversary),2022-11-11,21,dancehall,Sean Paul
-1,5eumcnUkdmGvkvcsx1WFNG,INCÓMODO,2024-08-22,21,corrido,Tito Double P
-1,12GqGscKJx3aE4t07u7eVZ,ÉXODO,2024-06-20,24,corrido,Peso Pluma
-1,2sSGPbdZJkaSE2AbcGOACx,Submarine,2024-05-31,14,bedroom pop,The Marías
-1,3l9G1G9MxH6DaRhwLklaf5,"Rico o Muerto, Vol. 1",2025-06-06,12,corrido,Oscar Maydon
-1,0pePYDrJGk8gqMRbXrLJC8,Meneo,2025-08-28,9,corrido,Luis R Conriquez
-1,1U1el3k54VvEUzo3ybLPlM,Sincerely: P.S.,2025-10-03,19,Unknown,Kali Uchis
-1,7Gi6gjaWy3DxyilpF1a8Is,$AD BOYZ 4 LIFE II,2023-10-05,17,corridos tumbados,Junior H
-1,1i8SpTcr7yvPOmcqrbnVXY,Cosmo,2023-11-17,15,reggaeton,Ozuna
-1,6pV5zH2LzjOUHaAvENdMMa,Mi Vida Mi Muerte,2025-02-14,21,corrido,Neton Vega
-1,0TnOYISbd1XYRBk9myaseg,UNDERDOGS,2025-08-29,11,Unknown,Pitbull
-1,1vyhD5VmyZ7KMfW5gqLgo5,Mixteip,2025-08-15,12,reggaeton,J Balvin
-1,5WQwioJgA1ixuXQAPLIy3T,In the field,2009-06-15,8,Unknown,Latin
-1,7mW7Tv7NvywKKXqafZo0Lc,KPop Demon Hunters (Soundtrack from the Netflix Film),2025-06-20,12,k-pop,KPop Demon Hunters Cast
-1,2dIgFjalVxs4ThymZ67YCE,KARMA,2025-08-22,11,k-pop,Stray Kids
-1,4IB3ouKFriZr1yPoGNyPsy,그림자,2001-10-10,13,Unknown,K-Pop
-1,7n2Ycct7Beij7Dj7meI4X0,TEN: The Story Goes On,2025-10-10,10,k-pop,TWICE
-1,2yNNYQBChuox9A5Ka93BIn,KPop Demon Hunters (Soundtrack from the Netflix Film),2025-06-20,12,k-pop,HUNTR/X
-1,0BJ2EjOqcfgFvlZXNKrNbE,KPop Demon Hunters (Soundtrack from the Netflix Film),2025-06-20,12,Unknown,Saja Boys
-1,41MozSoPIsD1dJM0CLPjZF,BORN PINK,2022-09-16,8,k-pop,BLACKPINK
-1,3Nrfpe0tUJi4K4DXYWgMUX,PERMISSION TO DANCE ON STAGE - LIVE,2025-07-18,22,k-pop,BTS
-1,6HvZYsbFfjnjFrWF950C9d,NJWMX,2023-12-19,12,k-pop,NewJeans
-1,54gWVQFHf8IIqbjxAoOarN,AOA 1st Album ANGEL'S KNOCK (1),2017-01-02,10,k-pop,AOA
-1,1Xyo4u8uXC1ZmMpatF05PJ,Hurry Up Tomorrow,2025-01-31,22,Unknown,The Weeknd
-1,0u2FHSq3ln94y5Q57xazwf,HIGH (DELUXE),2025-10-17,18,country,Keith Urban
-1,4q3ewBCX7sLwd24euuV69X,DeBÍ TiRAR MáS FOToS,2025-01-05,17,reggaeton,Bad Bunny
-1,74KM79TiuVKeVCqs8QtB0B,Man’s Best Friend,2025-08-29,12,pop,Sabrina Carpenter
-1,06HL4z0CvFAxyc27GXpf02,The Life of a Showgirl,2025-10-03,12,Unknown,Taylor Swift
-1,6DARBhWbfcS9E4yJzcliqQ,P-POP CULTURE,2025-08-22,11,punjabi pop,Karan Aujla
-1,23fqKkggKUBHNkbKtXEls4,KYGO (The Remixes),2024-08-30,17,tropical house,Kygo
-1,6LuN9FCkKOj5PcnpouEgny,after the sun goes down,2025-10-10,17,Unknown,Khalid
-1,0eDvMgVFoNV3TpwtrVCoTj,Faith (Deluxe),2021-07-31,30,brooklyn drill,Pop Smoke
-1,3RqBeV12Tt7A8xH3zBDDUF,PATTERNS (Stripped Session),2025-10-10,7,country,Kelsea Ballerini
-1,3BmGtnKgCSGYIUhmivXKWX,When Christmas Comes Around… Again,2024-11-01,17,christmas,Kelly Clarkson
-1,6TIYQ3jFPwQSRmorSezPxX,Tickets To My Downfall (All Access),2025-10-24,27,Unknown,mgk
-1,6LqNN22kT3074XbTVUrhzX,. (...),2025-07-08,20,Unknown,Kesha
-1,4xFUf1FHVy696Q1JQZMTRj,Denim & Rhinestones (Deluxe Edition),2023-09-22,18,country,Carrie Underwood
-1,4nDoRrQiYLoBzwC5BhVJzF,"C,XOXO (Magic City Edition)",2024-09-06,18,Unknown,Camila Cabello
-1,3oSJ7TBVCWMDMiYjXNiCKE,The High Road,2025-01-24,18,country,Kane Brown
-1,2RQXRUsr4IW1f3mKyKsy4B,Live From Fenway Park,2024-08-30,18,Unknown,Noah Kahan
-1,5Pwc4xIPtQLFEnJriah9YJ,The Collection,2025-08-15,26,soft pop,OneRepublic
-1,3grHWM9bx2E9vwJCdlRv9O,Born,2024-03-22,18,country,Kenny Chesney
-1,6mMG9uIFonqs5vBas6fOnC,This Is K-Pop,2022-01-07,10,Unknown,K-Pop
-1,4gzpq5DPGxSnKTe4SA8HAU,Moon Music,2024-10-04,10,Unknown,Coldplay
-1,5cj0lLjcoR7YOSnhnX0Po5,Vie,2025-09-26,15,Unknown,Doja Cat
-1,4Uc8Dsxct0oMqx0P6i60ea,Wishbone,2025-08-15,12,Unknown,Conan Gray
-1,70kkdajctXSbqSMJbQO424,Nobody Wants This Season 2: The Soundtrack,2025-10-23,19,Unknown,Kacey Musgraves
-1,3l0CmX0FuQjFxr8SK7Vqag,Charm,2024-07-12,11,bedroom pop,Clairo
-1,6jJ0s89eD6GaHleKKya26X,1432,2024-12-20,15,pop,Katy Perry
-1,246dkjvS1zLTtiykXe5h60,F-1 Trillion: Long Bed,2024-08-16,27,Unknown,Post Malone
-1,3TVXtAsR1Inumwj472S9r4,$ome $exy $ongs 4 U,2025-02-14,21,rap,Drake
-1,5K4W6rqBFWDnAN6FQUkS6x,DONDA 2,2025-06-06,21,rap,Kanye West
-1,1U1el3k54VvEUzo3ybLPlM,Sincerely: P.S.,2025-10-03,19,Unknown,Kali Uchis
-1,6qqNVTkY8uBg9cP3Jd7DAH,HIT ME HARD AND SOFT,2024-05-17,10,Unknown,Billie Eilish
-1,1QAJqy2dA3ihHBFIHRphZj,X's,2024-07-12,10,dream pop,Cigarettes After Sex
-1,0du5cEVh5yTK9QJze8zA0C,An Evening With Silk Sonic,2021-11-12,10,Unknown,Bruno Mars
-1,7bXgB6jMjp9ATFy66eO08Z,11:11 (Deluxe),2024-04-11,35,r&b,Chris Brown
-1,1mEyB7CigTvYxmznsZBht4,Love & Music Unplugged,2015-11-27,10,Unknown,TSoul
-1,3UVRliakQfa1pMWIsNuiZ8,Victims & Villains,2023-03-10,10,neo soul,Musiq Soulchild
-1,3lLHpTOJ11tWiUNGYN14gt,PEACE 2 DA WORLD,2024-10-25,13,jazz rap,Rejjie Snow
-1,2IBPIcSkvQZyoaVfoyZKE8,The Future (Expanded Edition),2022-02-18,36,new jack swing,Guy
-1,3YrSdCCaG11xDOpXYJdGl3,Warzone,2024-08-23,15,Unknown,RNB.FOEMOB
-1,2vkELRjyH6kPI7b7geoV3A,3.0 Rebooted Deluxe,2015-06-19,15,new jack swing,Solo
-1,4BTfiSGcZ1xYpvSOhpk8ez,Feel Too Much,2022-11-25,7,Unknown,Remi Soul
-1,4iwJZqoo4TmCIiISdHdhbQ,Slammin Jammin Cammon,2008-01-01,12,quiet storm,R.L.
-1,5rNY47cF4PPcjnAOZMz4iP,Lakeside,2025-01-24,11,Unknown,NR
-1,5S5ZSqk0z2CBHuCbqHjzCz,Timeless,2025-01-31,10,zydeco,T.K. Soul
-1,2mxe0TnaNL039ysAj51xPQ,12 Nights Of Christmas,2016-10-21,12,r&b,R. Kelly
-1,1f2e3RQf7LHOum8NU61q0R,Anniversary – The Live Album,2023-04-07,12,neo soul,Kem
-1,7dmwSItAEr4EhkUH5C9aXH,Apollo,2025-03-07,7,dark r&b,Maz B
-1,3QTDHixorJelOLxoxcjqGx,Heavy Deluxe: THE LIGHT,2025-04-04,22,alternative r&b,SiR
-1,7a6UoORU9y9Qkkm03fLmpY,LSG-2,2003-06-17,11,quiet storm,LSG
-1,5r7mGejWrGSxheAYEIfSwI,Troop Collected,2019-03-08,25,new jack swing,Troop
-1,1nSRa2YjjFWJLHGKM07oGQ,Torch,2019-05-31,14,Unknown,Blaque
-1,6KcJMeHZr0A6XHwAwlmfef,Do It,2003-03-11,15,quiet storm,Rome
-1,4wrzxtBZw20ufDstKyTnnP,What A Devastating Turn of Events (Deluxe),2024-05-06,18,Unknown,Rachel Chinouriri
-1,3sHS70DMNgPxRqx2fUNrRA,LUCID,2019-11-15,7,indie r&b,QUIN
-1,2gcdX1NqiPU2F4QxSlBo7r,Fantasy & Facts,2019-02-22,11,Unknown,Roses Gabor
-1,2NmK5FyrQ18HOPXq1UBzqa,Still,2016-02-05,10,new jack swing,SWV
-1,0FrpdcVlJQqibaz5HfBUrL,Rick James Forever,2020-02-10,8,funk,Rick James
-1,3KNIG74xSTc3dj0TRy7pGX,Bleuski,2025-06-27,14,Unknown,Yung Bleu
-1,3DvdryKH4O95ZnsUZJKXpt,We Are One (Remastered),2004-01-01,8,quiet storm,Maze
-1,2xLhxXgR236ZtWjZOfa0Kd,Art Dvsn.,2023-08-11,11,jazz beats,RMB Justize
-1,2sjktXSuCqEU42XUox2oXr,Blu,2018-06-22,8,Unknown,Frex
-1,2Mu5NfyYm8n5iTomuKAEHl,MTV Unplugged No. 2.0,2002-05-07,22,neo soul,Ms. Lauryn Hill
-1,5jVkC5rSgdK2EPfRAmtbpH,Heroes & Gods 2.0 (Reimagined),2021-11-05,13,neo soul,Rahsaan Patterson
-1,3xs0LEzcPXtgNfMNcHzLIP,Somebody’s Watching Me (Deluxe Edition),2021-10-22,18,Unknown,Rockwell
-1,4qXC0i02bSFstECuXP2ZpL,I'll Always Come Find You (Deluxe),2024-11-22,25,Unknown,Blxst
-1,0ZrpamOxcZybMHGg1AYtHP,A Beautiful World (20th Anniversary Deluxe Edition),2023-05-19,16,Unknown,Robin Thicke
-1,5K0rbdBrs2tNXe5LeWMATT,Album of the Year #1 Funkateer (Bonus),2025-06-27,19,funk,Bootsy Collins
-1,12PSlydMSjEHzSCj9X5qv7,Told You So,2024-12-27,7,Unknown,Baby Bash
-1,0nnBZ8FXWjG9wZgM2cpfeb,PHOLKS,2025-10-23,7,Unknown,Leon Thomas
-1,1eYhYunlNJlDoQhtYBvPsi,Love Country Style (2025 Remaster),2025-10-24,10,jazz blues,Ray Charles
-1,6GMYJwaziB4ekv1Y6wCDWS,Swag 7,2025-10-03,16,Unknown,Soulja Boy
-1,3qnGvpP8Yth1AqSBMqON5x,Leon,2024-10-04,13,retro soul,Leon Bridges
-1,5RTLRtXjbXI2lSXc6jxlAz,Bird's Eye,2024-08-09,11,alternative r&b,Ravyn Lenae
-1,1z7b1Pr1rSlvWRzsW3HOrS,W!LD Deluxe: The Elephant & The Rider,2025-10-10,22,Unknown,Russ
-1,1ThoqLcyIYvZn7iWbj8fsj,Watching You Watching Me,1985-05-25,10,soul,Bill Withers
-1,4IVAbR2w4JJNJDDRFP3E83,Since I Have A Lover,2023-03-24,19,Unknown,6LACK
-1,6LEeAFiJF8OuPx747e1wxR,Essex Honey,2025-08-29,14,art pop,Blood Orange
-1,3tlXnStJ1fFhdScmQeLpuG,LARGER THAN LIFE (CHOPPED NOT SLOPPED),2023-12-15,14,r&b,Brent Faiyaz
-1,7bXgB6jMjp9ATFy66eO08Z,11:11 (Deluxe),2024-04-11,35,r&b,Chris Brown
-1,2EMAnMvWE2eb56ToJVfCWs,Solace & The Vices,2025-10-02,24,trap soul,Bryson Tiller
-1,3fMbdgg4jU18AjLCKBhRSm,Thriller 40,2022-11-18,34,Unknown,Michael Jackson
-1,25bvyjHJAszeSV3q0TmEhY,Ustad Ji King Forever,2024-03-10,13,bhangra,Jazzy B
-1,7zAAwgV5Wqmvpb4GzvlRkP,GEWAH Selects,2025-10-03,12,Unknown,Jazzy
-1,0sc5zYshOdiFD4ayqMrJbJ,The Fleur Print (Vol. 2),2022-02-25,15,Unknown,Jazz Cartier
-1,3idyOn3lhSxgV2qdDQNfhz,The Most Wanted,2025-09-18,13,3 step,JAZZWRLD
-1,2b9qemp1Y8NuEbY4RMYHY1,Night Conversation,2025-10-20,15,jazz,Jazzy Coffee
-1,23Ht8xXhnKJozHsOBDehZw,Jazz Passion,2025-06-20,12,jazz,Jazz Fruits Music
-1,69W52X4tUONDDDb6FmGtl6,Live from the Royal Albert Hall('s basement cloakroom),2025-08-24,8,Unknown,Jazz Emu
-1,6rJ1GwtHin2BJbKLuNn9pi,Sun Dance,2022-01-28,14,lo-fi,Jazzinuf
-1,1DSr1LDXAAmLgyWLEOeoIS,Goyo,2025-07-29,9,jazz beats,JazzyHan
-1,6wq0ypfSKR1Baqi4qoJWsq,Amor Prometido,2024-10-16,10,jazz rap,Jazz Liberatorz
-1,593TG88zhlcUxEYmhMYeIG,It's a Mistake,2025-02-14,10,bossa nova,Jazzystics
-1,1opzXqZeqkYLVzBsXw45qJ,Summer Nights,2018-08-27,10,smooth jazz,Jazz Holdouts
-1,6HTqDlK6LS0Ju7P58XXW2T,"The Music of the Beatles, Vol. 2",2020-10-30,15,lullaby,Jazz for Babies
-1,5azQdDBN7TMCRUMuH5E46R,Happy Autumn,2025-09-15,15,bossa nova,JAZZ SUP
-1,2hHUcumhJFUHQKg5h3jI1Y,Conversations in Blue,2025-09-10,10,jazz,Jazz Lounge Bar
-1,6aGh6CzEE3wUrHIPkMLSPY,Everything Changes,2025-08-29,10,Unknown,Jazzie Young
-1,1Mxqyy3pSjf8kZZL4QVxS0,Platinum,2023-10-27,44,christmas,Frank Sinatra
-1,00x1fYSGhdqScXBRpSj3DW,The Art of Loving,2025-09-26,12,pop soul,Olivia Dean
-1,3k3RY7kR8f0vp8Cq27P141,open this wall,2024-07-12,11,jazz house,berlioz
-1,2PXRihjmDw1GiLfqkFLUWH,Ambient Gentle Jazz Piano Music For Studying (Instrumental),2025-06-27,18,jazz,Coffee Jazz Melody
-1,5dRcqsDTrQnY46ACTrtJm0,Crystal Soft: Soft Jazz Relaxation,2025-06-27,50,jazz,Relaxing Jazz Piano
-1,7gW0r5CkdEUMm42w9XpyZO,A Matter of Time (Standard Edition),2025-08-24,15,Unknown,Laufey
-1,4LLpKhyESsyAXpc4laK94U,GO:OD AM (10th Anniversary),2025-10-24,20,Unknown,Mac Miller
-1,4QQgXkCYTt3BlENzhyNETg,"Earth, Wind & Fire Millennium Concert Japan '94",2019-12-21,16,funk,"Earth, Wind & Fire"
-1,3cR4rhS2hBWqI7rJEBacvN,An Offering: Live at Speakeasy Studios,2025-10-17,13,musicals,Leslie Odom Jr.
-1,5J2yd9qX9G0bdHZzg5LN3m,Dancing with Distant Stars,2025-01-16,10,Unknown,Jazz
-1,1UJJNy9kjyEhhMqdFGWqPb,Soft Resonance,2025-04-07,32,Unknown,JaZZ
-1,0atfUcYIKpPNJkO4qT5lnl,Legendary,2022-07-17,8,Unknown,Jazz
-1,5w4uEU49QQASYMumb5yPbG,Lost in Progress,2024-11-01,15,alternative hip hop,Jazz
-1,0E19TA5Va3x8E5jn0mkZUR,Passion Is Power,2025-07-21,10,Unknown,Jazz
-1,3SrGMOwsinLQuDB2tTBWbw,Hot Jazz Hits,2016-01-20,30,post-punk,Jazz
-1,34Nrgr9DT99bNXZcXQE1ft,ירידה לצורך עלייה,2022-09-13,32,Unknown,Jazz
-1,1Xl3XsTYdcPsRjl7yIxDUd,Ohi Bewafa,2010-09-03,8,tamil hip hop,Jazz
-1,4XjC3cQOAgbniaw9Ug18Cx,Whispers,2021-05-20,10,Unknown,Jazz
-1,5aIqB5nVVvmFsvSdExz408,Dinner With Strings,2025-10-26,40,classical,Johann Sebastian Bach
-1,7gVMJwlBD9isiVAuqFLFsG,"classical music but it's lofi, Vol. 1",2024-11-07,35,lo-fi,Classical Music But
-1,3SNYGr8ltknwLPRNNmgGdy,Sweet Bear,2025-07-31,18,lullaby,Classical Lullabies
-1,17hR0sYHpx7VYTMRfFUOmY,"""Prelude"" - Smooth Music to Relax",2025-10-26,59,classical,Maurice Ravel
-1,4NJhFmfw43RLBLjQvxDuRS,Dinner With Strings,2025-10-26,40,classical,Wolfgang Amadeus Mozart
-1,3MKCzCnpzw3TjUYs2v7vDA,Dinner With Strings,2025-10-26,40,classical,Pyotr Ilyich Tchaikovsky
-1,7y97mc3bZRFXzT2szRM4L4,"Chopin: 24 Préludes, Ballade No. 4 & Piano Sonata No. 2",2025-10-26,29,classical piano,Frédéric Chopin
-1,0jW6R8CVyVohuUJVcuweDI,Classical Love & Romance,2025-10-17,8,Unknown,The Piano Guys
-1,6MERXsiRbur2oJZFgYRDKz,VSQ Performs Billie Eilish,2025-10-03,15,orchestral,Vitamin String Quartet
-1,459INk8vcC0ebEef82WjIK,"""Prelude"" - Smooth Music to Relax",2025-10-26,59,classical,Erik Satie
-1,1385hLNbrnbCJGokfH2ac2,"""077 Hidden Treasures of Piano"": Le Joie",2025-10-25,77,classical piano,Franz Liszt
-1,6s1pCNXcbdtQJlsnM1hRIA,Soft and Relaxing Music for Violin,2025-10-23,41,classical,Dmitri Shostakovich
-1,2wOqMjp9TyABvtHdOSOTUS,Dinner With Strings,2025-10-26,40,classical,Ludwig van Beethoven
-1,1Uff91EOsvd99rtAupatMP,"""Prelude"" - Smooth Music to Relax",2025-10-26,59,classical,Claude Debussy
-1,3iXMWLD533qn4msTwHQQBt,Bach (Piano Lullabies),2024-11-14,17,classical piano,Classical of Birdland
-1,7wx187suyGoln6KpBeRS0N,Christmas Lullabies,2021-03-17,8,lullaby,Classical Kid
-1,436sYg6CZhNefQJogaXeK0,Soft and Relaxing Music for Violin,2025-10-23,41,classical,Camille Saint-Saëns
-1,3ocHveURieDFfnQsExbdjm,Peaceful Classical Piano & Ocean Waves: 23 Contemporary Piano Pieces with Ocean Sounds,2024-01-01,23,classical piano,Classical Music DEA Channel
-1,77CaCn32H4mOMQA7UElzfF,"""Academy of St Martin in the Fields"": Baroque Landscapes",2025-09-01,80,classical,Academy of St. Martin in the Fields
-1,0Gw30FmjnPfqEh75ACEjyh,The Study Sonata: Inspired by Mozart,2025-07-15,19,classical,Classical Study Music
-1,1QAEAlGsXkeQU1C4D2DqbZ,Cosmic Focus Unlock Your Mind's Universe,2025-10-24,10,Unknown,Classical Music for Studying
-1,2QOIawHpSlOwXDvSqQ9YJR,"""Prelude"" - Smooth Music to Relax",2025-10-26,59,classical,Antonio Vivaldi
-1,2p0UyoPfYfI76PCStuXfOP,"Schubert: Symphony No. 8, D. 759 ""Unfinished"" - Brahms: Variations on a Theme by Haydn, Op. 56a",2025-10-26,16,classical piano,Franz Schubert
-1,3gacryguGmpmCvgPGt2CBI,"New York Philharmonic - Tchaikovsky, Stravinsky, Rimsky-Korsakov, Prokofiev, Dvořák",2025-09-23,59,classical,New York Philharmonic
-1,0Kekt6CKSo0m5mivKcoH51,"""Prelude"" - Smooth Music to Relax",2025-10-26,59,classical,Sergei Rachmaninoff
-1,5Dl3HXZjG6ZOWT5cV375lk,"Beethoven for Three: Symphony No. 1 / Op. 70, No. 1 ""Ghost"" / Op. 11 ""Gassenhauer""",2025-08-22,10,classical,Yo-Yo Ma
-1,5wTAi7QkpP6kp8a54lmTOq,"Schubert: Symphony No. 8, D. 759 ""Unfinished"" - Brahms: Variations on a Theme by Haydn, Op. 56a",2025-10-26,16,classical,Johannes Brahms
-1,77yY2QmM6bYvjJ3y5L2R0v,PvP - Player vs Piano: Relaxing Game Soundtracks,2025-10-22,14,medieval,Jeremy Soule
-1,2VZNmg4vCnew4Pavo8zDdW,Sleep Circle (Faded),2025-09-05,24,neoclassical,Max Richter
-1,7nzSoJISlVJsn7O0yTeMOB,A Big Bold Beautiful Journey (Original Motion Picture Soundtrack),2025-09-19,28,japanese classical,Joe Hisaishi
-1,2OIlvh6Jpe9ZCD8VC1cQY7,Lord of the Rings For Sleep,2025-09-10,8,medieval,Harmony Tales
-1,2tfWguHr2nj4e8KXLKciVq,"""Rhapsody in Blue"" by Previn",2025-09-17,129,classical,André Previn
-1,2uFUBdaVGtyMqckSeCl0Qj,Prelude to Autumn,2025-09-03,6,neoclassical,Ludovico Einaudi
-1,6nZiWg5ZB511S24WmB7TCV,Scriabin: Orchestral Works,2025-10-24,43,classical piano,Alexander Scriabin
-1,2UqjDAXnDxejEyE0CzfUrZ,András Schiff - Piano Odyssey,2025-10-26,53,classical piano,Robert Schumann
-1,2WPn0emjr8XPmMOT0bBcPe,Il bell'Antonio - Handsome Antonio (Original Motion Picture Soundtrack),2025-09-22,28,Unknown,Piero Piccioni
-1,6uRJnvQ3f8whVnmeoecv5Z,The Art of Paul van Kempen: Beethoven Concertos (1953 Recordings),2025-10-03,7,classical,Berliner Philharmoniker
-1,5yxyJsFanEAuwSM5kOuZKc,Prokofiev: Symphony No. 4,2025-10-24,4,classical,London Symphony Orchestra
-1,5zCaQxjl110XTrm4LQ1CxY,Puccini: Madama Butterfly (2025 Remaster),2025-07-25,41,classical,Herbert von Karajan
-1,6kC8M8ichRylufC4IWPRNj,Resonant Sonatas,2025-03-31,35,Unknown,Classical
-1,5ViCdpm0klRRRMcBgcPMQt,Musically Styling,2022-12-28,20,Unknown,Classical
-1,6uothxMWeLWIhsGeF7cyo4,Christmas Secrets,2019-12-06,12,new age,Enya
-1,1YZhNFBxkEB5UKTgMDvot4,Piano Book 2,2025-10-17,32,classical piano,Lang Lang
-1,3dRfiJ2650SZu6GbydcHNb,"""Prelude"" - Smooth Music to Relax",2025-10-26,59,soundtrack,John Williams
-1,5ihY290YPGc3aY2xTyx7Gy,Grieg: Peer Gynt,2025-10-26,8,classical,Edvard Grieg
-1,71jzN72g8qWMCMkWC5p1Z0,L'homme qui rétrécit (Bande originale du film),2025-10-22,20,soundtrack,Alexandre Desplat
-1,0MvSBMGRQJY3mRwIbJsqF1,Reflections,2025-09-19,11,orchestral,Royal Philharmonic Orchestra
-1,5AUPJRWkYNsxRWihENePtH,Lullaby Time,2025-09-23,24,lullaby,Lullaby Time
-1,4uFZsG1vXrPcvnZ4iSQyrx,Wanderstop FM,2025-04-08,36,Unknown,C418
-1,0oea1hwGMfUxZbLxJc1XUN,Time has Come (Live Atlanta '79),2025-05-06,14,reggae,Peter Tosh
-1,3rJ3m1tM6vUgiWLjfV8sRf,Refugees,2022-08-12,13,reggae,Jimmy Cliff
-1,5SXEylV07TC57eanSxxg4R,Wisdom,2022-09-09,14,reggae,Stick Figure
-1,2vaWvC8suCFkRXejDOK7EE,Beauty In The Acoustic,2024-02-23,14,reggae,SOJA
-1,2WjvvwAX0mdWwq3aFuUdtc,Reflections,2023-05-12,10,reggae,Rebelution
-1,2bBTnfGpjGCTRozyAodDa3,Endless Summer (Deluxe),2024-10-18,21,reggae rock,The Elovaters
-1,2OpHxx1SArSMlBrIMM0aV9,The Expendables (Live at Sugarshack Sessions),2023-12-15,8,reggae rock,The Expendables
-1,2QsynagSdAqZj3U9HgDzjD,One Love (Original Motion Picture Soundtrack),2024-02-09,17,reggae,Bob Marley & The Wailers
-1,2SGFnb6c73UJd1vT6aGBMl,Royal Grove,2024-07-19,10,reggae rock,Tropidelic
-1,6UL7BodGc5iVmQGlMwHR0g,Mass Manipulation,2019-05-17,17,reggae,Steel Pulse
-1,6GkJh85o22LfD2vgL9DP6f,Midnight Control (Deluxe),2023-07-14,23,reggae rock,Dirty Heads
-1,0q9lPhJHW5R9J7RXIJRbTk,Daytrippin,2023-10-06,10,reggae rock,Iration
-1,7oEWmZ9dKlAVxTgmjUbYr4,Heartbeat,2025-06-06,7,reggae,J Boog
-1,6MxlVTY6PmY8Nyn16fvxtb,"Everyday Life, Everyday People",2018-07-13,13,reggae rock,Slightly Stoopid
-1,5Ayl2bJtN5mdCsxZoxs9n1,Take It Easy,2023-09-29,12,reggae,Collie Buddz
-1,7jgZFR40bWjwOrRCOZFB02,Ancient Blood,2024-02-09,17,reggae,Tribal Seeds
-1,4j0qbafzqnGf4ARF8tY4VL,CELEBRATION,2023-08-25,12,reggae,Common Kings
-1,5V46QXboFTCK5MP40SwVRK,"Stargazers, Wanderers & Rogues",2024-06-14,13,reggae rock,The Hip Abduction
-1,6EKzehEG2fwJtRMH4KbjsA,Last Sip of Summer (Island Vibe Edition),2025-10-24,12,nz reggae,Maoli
-1,41Q0HrwWBtuUkJc7C1Rp6K,311 (30th Anniversary Edition),2025-07-11,21,reggae rock,311
-1,4q3ewBCX7sLwd24euuV69X,DeBÍ TiRAR MáS FOToS,2025-01-05,17,reggaeton,Bad Bunny
-1,3Je8tRazTtqZxGkbeJDGL8,What Aloha Means,2025-05-30,15,nz reggae,Kolohe Kai
-1,1qwdTaVUdjYJLLoxtFmsqr,Visions,2025-07-18,13,reggae rock,The Movement
-1,1YK8JdPbiaMSnf4hrlBkGT,Operation Irie,2025-10-10,18,reggae rock,Pepper
-1,5RkXaPxdZ8L7ERNgDZXlKh,The Green: Live At Blue Note Hawaii,2023-12-22,19,reggae,The Green
-1,5eyMzR1hYiEZtN2c9ly2kw,Ancient Child,2025-10-03,12,reggae,Matisyahu
-1,790FomKkXshlbRYZFtlgla,Tropicoqueta,2025-06-20,20,reggaeton,KAROL G
-1,7a0XAaPaK2aDSqa8p3QnC7,BORONDO,2025-05-15,26,latin afrobeats,Beéle
-1,0EdvGhlC1FkGItLOWQzG4J,Look At All The Love We Found: A Tribute To Sublime (Reworked and Remastered),2025-05-09,36,reggae rock,Sublime
-1,2R21vXR83lH98kGeO99Y66,LLNM2,2022-12-09,33,reggaeton,Anuel AA
-1,3QJzdZJYIAcoET1GcfpNGi,Stony Hill,2017-07-21,18,reggae,Damian Marley
-1,1mcTU81TzQhprhouKaTkpq,Cosa Nuestra: Capítulo 0,2025-09-26,14,reggaeton,Rauw Alejandro
-1,3E12tRURRvPfHz0hAMCFYc,PRIMERA MUSA,2024-09-20,17,Unknown,Omar Courtz
-1,0tmwSHipWxN12fsoLcFU3B,201,2024-11-22,12,reggaeton,Manuel Turizo
-1,4SsVbpTthjScTS7U2hmr1X,Sr. Santos II Sueños de Grandeza,2025-06-26,18,reggaeton,Arcángel
-1,2LRoIwlKmHjgvigdNGBHNo,FERXXO VOL X: Sagrado,2025-06-09,17,reggaeton,Feid
-1,4VMYDCV2IEDYJArk749S6m,LAMENTO EN BAILE,2025-10-16,19,reggaeton,Daddy Yankee
-1,7iK8PXO48WeuP03g8YR51W,ISLAND BOYZ,2025-07-17,23,reggaeton,Myke Towers
-1,33ScadVnbm2X8kkUqOkC6Z,Los Bandoleros Reloaded,2024-06-21,30,reggaeton,Don Omar
-1,329e4yvIujISKGKz1BZZbO,167BPM,2025-09-04,8,reggaeton,Farruko
-1,1r4hJ1h58CWwUQe3MxPuau,Don Juan,2023-08-25,25,reggaeton,Maluma
-1,1i8SpTcr7yvPOmcqrbnVXY,Cosmo,2023-11-17,15,reggaeton,Ozuna
-1,3Isy6kedDrgPYoTS1dazA9,Dutty Rock (20th Anniversary),2022-11-11,21,dancehall,Sean Paul
-1,1vyhD5VmyZ7KMfW5gqLgo5,Mixteip,2025-08-15,12,reggaeton,J Balvin
-1,5WFTPXybKe3CSHN787OxA5,Reggae - Rhythm of Serenity,2021-11-04,17,Unknown,Reggae
-1,4kJNxElvYam7vKN3MVanJx,Reggae Vibes,2024-10-15,40,Unknown,Reggae
-1,0geJHA0lmvCijbbu1MMCML,The Reggae Chronicles,2022-06-01,31,Unknown,REggaE
-1,2kdmTOXncgNHSuYVMhdd5I,My Heart Says Go (Studio Cast Recording),2023-05-05,17,musicals,Jorge Rivera-Herrans
-1,1sPm31qmcbk9EFoRCS8eRl,INDIE500,2024-08-01,7,christian hip hop,indie tribe
-1,00x1fYSGhdqScXBRpSj3DW,The Art of Loving,2025-09-26,12,pop soul,Olivia Dean
-1,3MZsBdqDrRTJihTHQrO6Dq,SMITHEREENS,2022-11-04,9,Unknown,Joji
-1,5INjqkS1o8h1imAzPqGZBb,Deadbeat,2025-10-17,12,neo-psychedelic,Tame Impala
-1,7Gf3LSwa5hh8Cjo60WhVjC,Worthy,2019-02-15,16,neo soul,India.Arie
-1,4Uc8Dsxct0oMqx0P6i60ea,Wishbone,2025-08-15,12,Unknown,Conan Gray
-1,26VFTg2z8YR0cCuwLzESi2,Badlands (Decade Edition Anthology),2025-10-14,35,Unknown,Halsey
-1,6olE6TJLqED3rqDCT0FyPh,In Utero (30th Anniversary Super Deluxe),2023-10-27,72,grunge,Nirvana
-1,163tK9Wjr9P9DmM0AVK7lm,Virgin,2025-06-27,11,Unknown,Lorde
-1,0Y6dVaC9DZtPNH4591M42W,Fauxllennium (Japanese Deluxe Edition),2025-04-04,14,Unknown,TV Girl
-1,3Sz7ZnJQBIHsXLUSo0OQtM,Guitar,2025-08-22,12,indie,Mac DeMarco
-1,57vWImR43h4CaDao012Ofp,Gemini Rights,2022-07-15,10,Unknown,Steve Lacy
-1,2FXC3k01G6Gw61bmprjgqS,Unreal Unearth: Unending,2024-12-06,26,Unknown,Hozier
-1,3l0CmX0FuQjFxr8SK7Vqag,Charm,2024-07-12,11,bedroom pop,Clairo
-1,77SW9BnxLY8rJ0RciFqkHh,Chip Chrome & The Mono-Tones (Deluxe),2020-12-11,15,Unknown,The Neighbourhood
-1,2RQXRUsr4IW1f3mKyKsy4B,Live From Fenway Park,2024-08-30,18,Unknown,Noah Kahan
-1,4tuJ0bMpJh08umKkEXKUI5,The Secret of Us (Deluxe),2024-10-18,20,Unknown,Gracie Abrams
-1,7Ln80lUS6He07XvHI8qqHH,The Car,2022-10-21,10,indie,Arctic Monkeys
-1,7gW0r5CkdEUMm42w9XpyZO,A Matter of Time (Standard Edition),2025-08-24,15,Unknown,Laufey
-1,1QAJqy2dA3ihHBFIHRphZj,X's,2024-07-12,10,dream pop,Cigarettes After Sex
-1,25uiPmTg16RbhZWAqwLBy5,Brat and it’s completely different but also still brat,2024-10-14,35,hyperpop,Charli xcx
-1,22wbnEMDvgVIAGdFeek6ET,American Heart,2025-06-20,10,Unknown,Benson Boone
-1,4G9NDjRyZFDlJKMRL8hx3S,I Barely Know Her,2025-08-22,10,Unknown,sombr
-1,7GlBOeep6PqTfFi59PTUUN,The Rise and Fall of a Midwest Princess,2023-09-22,14,Unknown,Chappell Roan
-1,0Wwji82sLA0Hcvtuak3omb,TRENCH,2024-10-18,16,Unknown,AUDREY NUNA
-1,2sSGPbdZJkaSE2AbcGOACx,Submarine,2024-05-31,14,bedroom pop,The Marías
-1,0fTSzq9jAh4c36UVb4V7CB,"You'll Be Alright, Kid",2025-07-18,21,Unknown,Alex Warren
-1,3EgvDUdVVJ4MnFI42uxYKz,Death of the Mc...,2019-10-30,10,Unknown,Indie
-1,26jdbJyBkpr6LivDYvKp2r,Now Would Be A Good Time,2025-07-25,10,Unknown,Folk Bitch Trio
-1,2RQXRUsr4IW1f3mKyKsy4B,Live From Fenway Park,2024-08-30,18,Unknown,Noah Kahan
-1,16oZKvXb6WkQlVAjwo2Wbg,Automatic (Deluxe Edition),2025-06-27,16,folk pop,The Lumineers
-1,6DM1YETeVIN3ce24DhnMhU,Walk Thru Me,2024-06-28,10,Unknown,The Folk Implosion
-1,0wyMPXGfOuQzNR54ujR9Ix,Copper Changes Color,2025-06-06,11,indie folk,Caamp
-1,74ASZWbe4lXaubB36ztrGX,The 1974 Live Recordings Sampler,2024-09-20,20,folk rock,Bob Dylan
-1,5sXaGoRLSpd7VeyZrLkKwt,Appaloosa Bones,2023-08-18,11,indie folk,Gregory Alan Isakov
-1,5QdyldG4Fl4TPiOIeMNpBZ,Double Infinity,2025-09-05,9,Unknown,Big Thief
-1,55fhWPvDiMpLnE4ZzNXZyW,I WANT MY LOVED ONES TO GO WITH ME (DELUXE),2025-10-10,14,Unknown,Noah Cyrus
-1,3gd8FJtBJtkRxdfbTu19U2,RUSHMERE,2025-03-28,10,folk,Mumford & Sons
-1,4LEiUm1SRbFMgfqnQTwUbQ,"SABLE, fABLE",2025-04-11,13,Unknown,Bon Iver
-1,69tiO1fG8VWduDl3ji2qhI,Hope We Have Fun,2025-05-30,13,Unknown,Mt. Joy
-1,4hz8tIajF2INpgM0qzPJz2,bones,2025-09-26,10,Unknown,Rainbow Kitten Surprise
-1,3eqjTLE0HfPfh78zjh6TqT,Nebraska '82: Expanded Edition,2025-10-24,37,Unknown,Bruce Springsteen
-1,4PPoI9LuYeFX8V674Z1R6l,Vicente Fernández Con Banda,2024-11-29,13,ranchera,Vicente Fernández
-1,4aKWmkWAKviFlyvHYPTNQY,Live at Revolution Hall,2025-04-24,43,Unknown,Adrianne Lenker
-1,1GmsPCcpKgF9OhlNXjOsbS,Older (and Wiser),2024-10-04,19,Unknown,Lizzy McAlpine
-1,7FsRH5bw8iWpSbMX1G7xf1,"Norteño, Vol. 2 (Remastered 2025)",2025-02-28,10,ranchera,Joan Sebastian
-1,0hEurMDQu99nJRq8pTxO14,Sob Rock,2021-07-16,10,singer-songwriter,John Mayer
-1,7yAymwuYh9RcpX84GSNIq2,Mt. Zion,2025-08-22,12,christian folk,Josiah Queen
-1,4G9NDjRyZFDlJKMRL8hx3S,I Barely Know Her,2025-08-22,10,Unknown,sombr
-1,2nszmSgqreHSdJA3zWPyrW,¡MÉXICO Por Siempre!,2017-11-24,14,mariachi,Luis Miguel
-1,1r1uxoy19fzMxunt3ONAkG,Punisher,2020-06-18,11,Unknown,Phoebe Bridgers
-1,3nnQpaTvKb5jCQabZefACI,"Live at Wetlands, New York, NY 8/16/94",2019-08-23,14,Unknown,Jeff Buckley
-1,3GBPw9NK25X1Wt2OUvOwY3,Jack Johnson's Holiday Jams,2023-12-16,9,surf rock,Jack Johnson
-1,6ltzsmQQbmdoHHbLZ4ZN25,The Cosmic Selector Vol. 1,2025-07-18,12,Unknown,Lord Huron
-1,0XwVARXT135rw8lyw1EeWP,¿Quién + Como Yo?,2025-05-23,12,banda,Christian Nodal
-1,10exVja0key0uqUkk6LJRT,Live at Sydney Opera House,2023-04-14,16,folk pop,Vance Joy
-1,35U9lQaRWSQISxQAB94Meo,America: Live From The Hollywood Bowl 1975,2024-04-19,20,yacht rock,America
-1,2FXC3k01G6Gw61bmprjgqS,Unreal Unearth: Unending,2024-12-06,26,Unknown,Hozier
-1,340PS4ZcZ4UCBgyrXzEjcp,Night Diving (The Cost of Growing Up),2025-07-18,21,Unknown,Max McNown
-1,4tuJ0bMpJh08umKkEXKUI5,The Secret of Us (Deluxe),2024-10-18,20,Unknown,Gracie Abrams
-1,1iCnM8foFssWlPRLfAbIwo,"At The Beach, In Every Life (Extended)",2025-07-25,13,Unknown,Gigi Perez
-1,06HL4z0CvFAxyc27GXpf02,The Life of a Showgirl,2025-10-03,12,Unknown,Taylor Swift
-1,22wbnEMDvgVIAGdFeek6ET,American Heart,2025-06-20,10,Unknown,Benson Boone
-1,0fTSzq9jAh4c36UVb4V7CB,"You'll Be Alright, Kid",2025-07-18,21,Unknown,Alex Warren
-1,74KM79TiuVKeVCqs8QtB0B,Man’s Best Friend,2025-08-29,12,pop,Sabrina Carpenter
-1,0gvSqgm2tX82Jb52ZcrH5w,Tro,2015-06-13,10,Unknown,Fòlk
-1,0iagfMudddILCHklm3LT16,De nos cœurs cellulose,2023-12-20,10,kannada pop,Folk
-1,0vrSsDmOJC53eAEwr0GmnD,Folk,2013-06-14,13,Unknown,Folk
-1,2ye2Wgw4gimLv2eAKyk1NB,72 Seasons,2023-04-14,12,metal,Metallica
-1,7u12AuhJ5AaJIgZAZe0US8,Army of the Doomstar (Original Motion Picture Soundtrack),2023-08-25,31,melodic death metal,Metalocalypse: Dethklok
-1,0exvkfkATkqWOJgugTjJhP,"A Light in the Dark (Remastered, 2025)",2025-10-24,11,thrash metal,Metal Church
-1,3m8XkZz5AmCii0rrte2IM6,Tres,2018-11-11,12,mariachi,Metalachi
-1,0nmQIMXWTXfhgOBdNzhGOs,Life Is But a Dream…,2023-06-02,11,metal,Avenged Sevenfold
-1,5eAWCfyUhZtHHtBdNk56l1,Hypnotize,2005-11-22,12,nu metal,System Of A Down
-1,14pVkFUHDL207LzLHtSA18,Reinventing the Steel (20th Anniversary Edition),2020-10-30,39,groove metal,Pantera
-1,2n2RSaZqBuUUukhbLlpnE6,Even In Arcadia,2025-05-09,10,progressive metal,Sleep Token
-1,05fG473iIaoy82BF1aGhL8,Slipknot (25th Anniversary Edition),2025-09-05,32,nu metal,Slipknot
-1,3RNrq3jvMZxD9ZyoOZbQOD,Untitled (Deluxe),2023-07-28,15,nu metal,Korn
-1,3Ri4H12KFyu98LMjSoij5V,CONCRETE JUNGLE [THE OST],2024-05-31,26,metalcore,Bad Omens
-1,3qm84nBOXUEQ2vnTfUTTFC,Use Your Illusion II (Deluxe Edition),2022-11-11,27,rock,Guns N' Roses
-1,1Yox196W7bzVNZI7RBaPnf,"The Sick, The Dying… And The Dead!",2022-09-02,14,thrash metal,Megadeth
-1,1Ffb6ejR6Fe5IamqA5oRUF,Lo-files,2025-07-11,23,metalcore,Bring Me The Horizon
-1,6Ghvu1VvMGScGpOUJBAHNH,private music,2025-08-22,11,nu metal,Deftones
-1,0X380XXQSNBYuleKzav5UO,TRON: Ares (Original Motion Picture Soundtrack),2025-09-19,24,industrial rock,Nine Inch Nails
-1,6ZLTlhejhndI4Rh53vYhrY,Patient Number 9,2022-09-09,13,metal,Ozzy Osbourne
-1,165ZgPlLkK7bf5bDoFc6Sb,STILL SUCKS,2021-10-31,12,nu metal,Limp Bizkit
-1,6B5c4sch27tWHAGdarpPaW,Seether Workout Vol. 2,2025-10-23,14,post-grunge,Seether
-1,5M52tdBnJaKSvOpJGz8mfZ,Reunion (25th Anniversary Expanded Edition),2023-10-13,20,metal,Black Sabbath
-1,2CmaKO2zEGJ1NWpS1yfVGz,Popular Monster,2024-08-16,11,emo,Falling In Reverse
-1,64tNsm6TnZe2zpcMVMOoHL,Rainier Fog,2018-08-24,10,grunge,Alice In Chains
-1,5t28BP42x2axFnqOOMg3CM,BEST OF (Volume 2),2025-10-24,19,metal,Five Finger Death Punch
-1,49bzE5vRBRIota4qeHtQM8,Revolution,2024-11-01,10,christian rock,Skillet
-1,711MCceyCBcFnzjGY4Q7Un,POWER UP,2020-11-13,12,rock,AC/DC
-1,6XyY86QOPPrYVGvF9ch6wz,From Zero (Deluxe Edition),2025-05-16,14,nu metal,Linkin Park
-1,3TOqt5oJwL9BE2NG9MEwDa,The Sickness (25th Anniversary Deluxe Edition),2025-03-07,39,metal,Disturbed
-1,6olE6TJLqED3rqDCT0FyPh,In Utero (30th Anniversary Super Deluxe),2023-10-27,72,grunge,Nirvana
-1,1IQ2e1buppatiN1bxUVkrk,"The Repentless Killogy (Live at the Forum in Inglewood, CA)",2019-11-08,21,thrash metal,Slayer
-1,2xiIXseIJcq3nG7C8fHeBj,Alienation,2025-08-22,12,post-grunge,Three Days Grace
-1,5BtHciL0e0zOP7prIHn3pP,Aurora,2020-01-24,10,alternative metal,Breaking Benjamin
-1,70BYFdaZbEKbeauJ670ysI,Planet Zero,2022-07-01,20,post-grunge,Shinedown
-1,58lV9VcRSjABbAbfWS6skp,Forever (Legendary Edition),2025-10-24,14,glam metal,Bon Jovi
-1,43sZBwHjahUvgbx1WNIkIz,Human Clay (Deluxe Edition),2024-08-16,34,post-grunge,Creed
-1,6mdiAmATAx73kdxrNrnlao,Senjutsu,2021-09-03,10,heavy metal,Iron Maiden
-1,7Ey4PD4MYsKc5I2dolUwbH,"Live in San Antonio, Texas 1982 (HQ Remastered)",2024-11-07,11,classic rock,Aerosmith
-1,5nGIFgo0shDenQYSE0Sn7c,Fallen (Deluxe Edition / Remastered 2023),2023-11-17,21,alternative metal,Evanescence
-1,1fFoYKA8vsyVyxztxk8wEB,Rock Gods! Playlist,2019-11-19,13,tejano,Metal
-1,78PbELgX67DbxAE0cOCVm4,Corazon Marcado,2021-07-26,13,soca,Metal
-1,06bN2KUt4LDuuPCCpuyAVp,Hip Hop Came Home,2017-05-01,9,Unknown,Metal
-1,3pHeBYl1yujXcZqqfF1UyQ,Live at the Print Shop,2024-12-06,6,jam band,Blues Traveler
-1,1cHFz6lrt7KAsBV8j2Ny1g,Made in America,1980-12-01,10,blues,The Blues Brothers
-1,40mye8b6PC8ef8GSFgWscG,Nick Jr. Mix It Up! Vol. 26: Blue’s Clues & You! Nursery Rhymes (The Remixes),2025-10-24,10,children's music,Blue's Clues & You
-1,5MsqyZmnhUnunQgMSdJ4cV,Blues Clues Boogie!,2002-11-19,8,children's music,Blues Clues
-1,2ScuQMRWThcifBRIvNDFDC,Up Close And Personal - Live In Texas,2024-08-16,8,blues,John Mayall & The Bluesbreakers
-1,5AVBFCn4Hq4KY2Xjc5Gj4y,Wicked Gonna Come,2018-02-09,7,southern gothic,Blues Saraceno
-1,3t7lCLDraWpcK4U5TWUUdA,Silence and Tears,2025-08-29,8,blues,Blues Delight
-1,4dbXw5CiHkXf4WIpyv2NEZ,Paths Of Solitude,2025-06-24,12,blues,Blues Whiskey
-1,47sJydKDWEiV4ZP9plxAM4,Call Me,2025-07-28,23,blues,Blues Cousins
-1,2fsmmyD3SsJL2suRoZwI6z,Crucero,2025-08-19,8,mexican rock,Blues Boys
-1,3qP1yR7s0FAKMjEw99p6wE,Anthology Box 1975-1979,2011-09-13,40,yacht rock,Blues Image
-1,67pW04a6jpdQR2yWqjcfxs,GISEKE (Instrumental Version),2021-11-26,12,jazz rap,Bluestaeb
-1,1537hUepB5bxPxjWmZUWjy,Whiskey & Wounds,2025-06-02,12,blues,BluesBiz
-1,5fsDcuclIe8ZiBD5P787K1,In Session (Deluxe Edition / Remastered 2024),2024-10-18,16,blues,Stevie Ray Vaughan
-1,6kXp61QMZFPcKMcRPqoiVj,Mixed Reality,2018-06-15,15,Unknown,Gin Blossoms
-1,4y6J8jwRAwO4dssiSmN91R,Muddy Waters Live Boston August 22nd. 1972 (Restauración 2024),2024-07-12,9,blues,Muddy Waters
-1,2PSiyldxmJze7xiqbz658m,Face Full Of Cake,2025-04-11,12,Unknown,Spin Doctors
-1,4TMHGUX5WI7OOm53PqSDAT,Blues For Allah: The Angel's Share,2025-09-25,15,jam band,Grateful Dead
-1,5xLSa7l4IV1gsQfhAMvl0U,The Legendary B.B. King,2021-01-25,36,blues,B.B. King
-1,5BcZ22XONcRoLhTbZRuME1,Days Of Future Passed Live,2018-03-23,28,progressive rock,The Moody Blues
-1,7mnBLXK823vNxN3UWB7Gfz,"No Rain, No Flowers",2025-08-08,11,blues rock,The Black Keys
-1,3qnGvpP8Yth1AqSBMqON5x,Leon,2024-10-04,13,retro soul,Leon Bridges
-1,6IKlXZEFOvk9itrP1s0knJ,Live At The Ryman,2024-11-15,11,country,The Red Clay Strays
-1,08GQAI4eElDnROBrJRGE0X,"Live From The Record Plant (December 15, 1974)",2025-01-03,11,classic rock,Fleetwood Mac
-1,4F84IBURUo98rz4r61KF70,Elephant (Deluxe),2023-03-31,41,garage rock,The White Stripes
-1,2AM4ilv6UzW0uMRuqKtDgN,RAW (‘That Little Ol' Band From Texas’ Original Soundtrack),2022-07-22,12,southern rock,ZZ Top
-1,6GI52t8N5F02MxU0g5U69P,Sentient,2025-03-28,11,Unknown,Santana
-1,5nLYd9ST4Cnwy6NHaCxbj8,CeeLo Green Is Thomas Callaway,2020-06-26,12,Unknown,CeeLo Green
-1,26T3LtbuGT1Fu9m0eRq5X3,Neon Pill,2024-05-17,12,Unknown,Cage The Elephant
-1,22bE4uQ6baNwSHPVcDxLCe,Welcome To Shepherds Bush (Live),2024-12-06,19,classic rock,The Rolling Stones
-1,4YLtscXsxbVgi031ovDDdh,Higher,2023-11-10,14,country,Chris Stapleton
-1,60gzYweXIZf4AsXywpHJGt,Summer Is For Falling In LOVE,2025-09-02,7,Unknown,Blues
-1,66T9NkkcyqdMH6pxvXyFu7,Instrumental Blues Compilation,2022-02-20,17,Unknown,Blues
-1,2ydd7HCXXERgI6n5NujuU1,The Sorrowful Skies,2024-03-30,25,Unknown,Blues
-1,1ARhJNabeZyYJ6pqFqnx1I,You Got Wings,2016-11-22,10,Unknown,Blues
-1,20bQnVrquTzlMUSIXEOzSy,Blue Ivy,2016-10-17,8,Unknown,Blues
-1,5qxlIGee5JEcWAJCHZbFVx,Stealin´ the Blues,2013-02-03,9,Unknown,Blues
